actual,predicted
No Failure,No Failure
No Failure,No Failure
No Failure,No Failure
No Failure,No Failure
Power Failure,Power Failure
No Failure,No Failure
No Failure,No Failure
No Failure,No Failure
No Failure,No Failure
No Failure,No Failure
No Failure,No Failure
No Failure,No Failure
No Failure,No Failure
No Failure,No Failure
No Failure,No Failure
No Failure,No Failure
No Failure,No Failure
No Failure,No Failure
No Failure,No Failure
No Failure,No Failure
No Failure,No Failure
No Failure,No Failure
No Failure,No Failure
No Failure,No Failure
Tool Wear Failure,No Failure
No Failure,No Failure
No Failure,No Failure
No Failure,No Failure
No Failure,No Failure
No Failure,No Failure
No Failure,No Failure
No Failure,No Failure
No Failure,No Failure
Heat Dissipation Failure,Heat Dissipation Failure
Heat Dissipation Failure,Heat Dissipation Failure
No Failure,No Failure
No Failure,No Failure
No Failure,No Failure
No Failure,No Failure
No Failure,No Failure
No Failure,No Failure
No Failure,No Failure
No Failure,No Failure
No Failure,No Failure
No Failure,Tool Wear Failure
No Failure,No Failure
No Failure,No Failure
No Failure,No Failure
No Failure,No Failure
Power Failure,Power Failure
No Failure,No Failure
No Failure,No Failure
No Failure,No Failure
No Failure,No Failure
No Failure,No Failure
No Failure,No Failure
No Failure,No Failure
No Failure,No Failure
No Failure,No Failure
No Failure,No Failure
No Failure,No Failure
No Failure,No Failure
No Failure,No Failure
No Failure,No Failure
No Failure,No Failure
No Failure,No Failure
No Failure,No Failure
No Failure,No Failure
No Failure,No Failure
No Failure,No Failure
No Failure,No Failure
No Failure,No Failure
No Failure,No Failure
No Failure,No Failure
No Failure,No Failure
No Failure,No Failure
No Failure,No Failure
No Failure,No Failure
No Failure,No Failure
No Failure,No Failure
No Failure,No Failure
No Failure,No Failure
No Failure,No Failure
No Failure,No Failure
No Failure,No Failure
No Failure,No Failure
No Failure,No Failure
No Failure,No Failure
No Failure,No Failure
No Failure,No Failure
No Failure,No Failure
No Failure,No Failure
No Failure,No Failure
No Failure,No Failure
No Failure,No Failure
No Failure,No Failure
No Failure,No Failure
No Failure,No Failure
No Failure,No Failure
No Failure,No Failure
No Failure,No Failure
Overstrain Failure,Overstrain Failure
No Failure,No Failure
No Failure,No Failure
No Failure,No Failure
No Failure,No Failure
No Failure,No Failure
No Failure,No Failure
No Failure,No Failure
No Failure,No Failure
No Failure,No Failure
No Failure,No Failure
No Failure,No Failure
No Failure,No Failure
No Failure,No Failure
No Failure,No Failure
No Failure,No Failure
No Failure,No Failure
No Failure,No Failure
No Failure,No Failure
No Failure,No Failure
No Failure,No Failure
No Failure,No Failure
No Failure,No Failure
No Failure,Overstrain Failure
No Failure,No Failure
No Failure,No Failure
No Failure,No Failure
No Failure,No Failure
No Failure,No Failure
No Failure,No Failure
No Failure,No Failure
No Failure,No Failure
No Failure,Power Failure
No Failure,No Failure
No Failure,No Failure
No Failure,No Failure
No Failure,No Failure
No Failure,No Failure
No Failure,No Failure
No Failure,No Failure
No Failure,No Failure
No Failure,No Failure
No Failure,No Failure
No Failure,No Failure
No Failure,No Failure
No Failure,No Failure
No Failure,No Failure
No Failure,No Failure
No Failure,No Failure
No Failure,No Failure
No Failure,No Failure
No Failure,No Failure
Overstrain Failure,Overstrain Failure
No Failure,No Failure
No Failure,No Failure
No Failure,No Failure
No Failure,No Failure
No Failure,No Failure
No Failure,No Failure
No Failure,No Failure
No Failure,No Failure
No Failure,No Failure
No Failure,No Failure
No Failure,No Failure
No Failure,No Failure
No Failure,No Failure
No Failure,No Failure
No Failure,No Failure
No Failure,No Failure
No Failure,No Failure
No Failure,No Failure
No Failure,No Failure
No Failure,No Failure
No Failure,No Failure
No Failure,No Failure
No Failure,No Failure
No Failure,No Failure
No Failure,No Failure
No Failure,No Failure
No Failure,No Failure
No Failure,No Failure
No Failure,No Failure
No Failure,Tool Wear Failure
No Failure,No Failure
No Failure,No Failure
No Failure,No Failure
Power Failure,No Failure
No Failure,No Failure
No Failure,No Failure
No Failure,No Failure
No Failure,No Failure
No Failure,No Failure
No Failure,No Failure
No Failure,No Failure
No Failure,No Failure
No Failure,No Failure
No Failure,No Failure
No Failure,No Failure
Heat Dissipation Failure,Heat Dissipation Failure
No Failure,No Failure
No Failure,No Failure
No Failure,No Failure
No Failure,No Failure
No Failure,No Failure
No Failure,No Failure
No Failure,No Failure
No Failure,No Failure
No Failure,No Failure
Overstrain Failure,Overstrain Failure
No Failure,No Failure
Heat Dissipation Failure,Heat Dissipation Failure
No Failure,No Failure
No Failure,No Failure
No Failure,No Failure
No Failure,No Failure
No Failure,No Failure
No Failure,No Failure
No Failure,No Failure
No Failure,No Failure
No Failure,No Failure
No Failure,No Failure
No Failure,No Failure
No Failure,No Failure
No Failure,No Failure
No Failure,No Failure
No Failure,No Failure
No Failure,Overstrain Failure
No Failure,No Failure
No Failure,No Failure
No Failure,No Failure
No Failure,No Failure
No Failure,No Failure
No Failure,No Failure
No Failure,No Failure
No Failure,No Failure
No Failure,No Failure
No Failure,No Failure
No Failure,No Failure
No Failure,No Failure
No Failure,No Failure
No Failure,No Failure
No Failure,No Failure
No Failure,No Failure
No Failure,No Failure
No Failure,No Failure
No Failure,No Failure
No Failure,No Failure
No Failure,No Failure
No Failure,No Failure
No Failure,No Failure
No Failure,No Failure
Overstrain Failure,Overstrain Failure
No Failure,No Failure
No Failure,No Failure
No Failure,No Failure
No Failure,No Failure
No Failure,No Failure
No Failure,No Failure
No Failure,No Failure
No Failure,No Failure
No Failure,No Failure
No Failure,No Failure
No Failure,No Failure
No Failure,No Failure
No Failure,No Failure
No Failure,No Failure
No Failure,No Failure
No Failure,No Failure
No Failure,No Failure
No Failure,No Failure
No Failure,No Failure
No Failure,No Failure
No Failure,No Failure
No Failure,No Failure
No Failure,No Failure
No Failure,No Failure
No Failure,No Failure
No Failure,No Failure
No Failure,No Failure
No Failure,No Failure
No Failure,No Failure
No Failure,No Failure
No Failure,No Failure
No Failure,No Failure
No Failure,No Failure
No Failure,No Failure
No Failure,No Failure
No Failure,No Failure
No Failure,No Failure
No Failure,No Failure
No Failure,No Failure
No Failure,No Failure
No Failure,No Failure
No Failure,No Failure
No Failure,No Failure
No Failure,No Failure
Power Failure,Power Failure
No Failure,No Failure
No Failure,No Failure
No Failure,No Failure
No Failure,No Failure
No Failure,No Failure
No Failure,No Failure
No Failure,No Failure
No Failure,No Failure
No Failure,No Failure
No Failure,No Failure
No Failure,No Failure
No Failure,No Failure
No Failure,No Failure
No Failure,No Failure
No Failure,No Failure
No Failure,No Failure
No Failure,No Failure
No Failure,No Failure
No Failure,No Failure
No Failure,No Failure
No Failure,No Failure
No Failure,No Failure
No Failure,No Failure
No Failure,No Failure
No Failure,No Failure
Heat Dissipation Failure,Heat Dissipation Failure
No Failure,No Failure
No Failure,No Failure
No Failure,No Failure
No Failure,No Failure
No Failure,No Failure
No Failure,No Failure
No Failure,No Failure
No Failure,No Failure
No Failure,No Failure
No Failure,No Failure
No Failure,No Failure
No Failure,No Failure
No Failure,No Failure
Power Failure,Power Failure
No Failure,No Failure
No Failure,No Failure
No Failure,No Failure
No Failure,No Failure
No Failure,No Failure
Power Failure,Power Failure
No Failure,No Failure
No Failure,No Failure
No Failure,No Failure
No Failure,No Failure
No Failure,No Failure
No Failure,No Failure
No Failure,No Failure
No Failure,No Failure
No Failure,No Failure
No Failure,No Failure
No Failure,No Failure
No Failure,No Failure
No Failure,No Failure
No Failure,No Failure
No Failure,No Failure
No Failure,No Failure
No Failure,No Failure
No Failure,No Failure
No Failure,No Failure
No Failure,No Failure
No Failure,No Failure
No Failure,No Failure
No Failure,No Failure
No Failure,No Failure
No Failure,No Failure
No Failure,No Failure
No Failure,No Failure
No Failure,No Failure
No Failure,No Failure
No Failure,No Failure
No Failure,No Failure
No Failure,No Failure
No Failure,No Failure
No Failure,No Failure
No Failure,No Failure
No Failure,No Failure
No Failure,No Failure
No Failure,No Failure
No Failure,No Failure
No Failure,No Failure
No Failure,No Failure
No Failure,No Failure
No Failure,No Failure
No Failure,No Failure
No Failure,No Failure
No Failure,No Failure
No Failure,No Failure
No Failure,No Failure
No Failure,No Failure
No Failure,No Failure
No Failure,No Failure
Overstrain Failure,Overstrain Failure
No Failure,No Failure
No Failure,No Failure
No Failure,No Failure
No Failure,No Failure
No Failure,No Failure
No Failure,No Failure
No Failure,No Failure
No Failure,No Failure
No Failure,No Failure
No Failure,No Failure
No Failure,No Failure
No Failure,No Failure
No Failure,No Failure
No Failure,No Failure
No Failure,No Failure
No Failure,No Failure
No Failure,No Failure
No Failure,No Failure
No Failure,No Failure
No Failure,No Failure
No Failure,No Failure
No Failure,No Failure
No Failure,No Failure
No Failure,No Failure
No Failure,No Failure
No Failure,No Failure
No Failure,No Failure
No Failure,No Failure
No Failure,No Failure
No Failure,No Failure
No Failure,No Failure
No Failure,No Failure
No Failure,No Failure
No Failure,No Failure
No Failure,No Failure
No Failure,No Failure
No Failure,No Failure
No Failure,No Failure
No Failure,No Failure
No Failure,No Failure
No Failure,No Failure
No Failure,No Failure
No Failure,No Failure
No Failure,No Failure
No Failure,No Failure
No Failure,No Failure
No Failure,No Failure
No Failure,No Failure
No Failure,No Failure
No Failure,No Failure
No Failure,No Failure
No Failure,No Failure
No Failure,No Failure
No Failure,No Failure
No Failure,No Failure
No Failure,No Failure
No Failure,No Failure
Heat Dissipation Failure,Heat Dissipation Failure
No Failure,No Failure
No Failure,No Failure
No Failure,No Failure
No Failure,Tool Wear Failure
No Failure,No Failure
No Failure,No Failure
No Failure,No Failure
No Failure,No Failure
No Failure,No Failure
No Failure,No Failure
No Failure,No Failure
No Failure,No Failure
Heat Dissipation Failure,Heat Dissipation Failure
Heat Dissipation Failure,Heat Dissipation Failure
No Failure,No Failure
No Failure,No Failure
No Failure,No Failure
No Failure,No Failure
No Failure,No Failure
No Failure,No Failure
No Failure,No Failure
No Failure,No Failure
No Failure,No Failure
No Failure,No Failure
No Failure,No Failure
No Failure,No Failure
No Failure,No Failure
No Failure,No Failure
No Failure,No Failure
No Failure,No Failure
No Failure,No Failure
No Failure,No Failure
No Failure,No Failure
No Failure,No Failure
No Failure,No Failure
No Failure,No Failure
No Failure,No Failure
No Failure,No Failure
Heat Dissipation Failure,Heat Dissipation Failure
No Failure,No Failure
No Failure,No Failure
No Failure,Heat Dissipation Failure
No Failure,No Failure
No Failure,Tool Wear Failure
No Failure,No Failure
No Failure,No Failure
No Failure,No Failure
No Failure,Overstrain Failure
No Failure,No Failure
No Failure,No Failure
No Failure,No Failure
No Failure,No Failure
No Failure,No Failure
No Failure,No Failure
No Failure,No Failure
No Failure,No Failure
No Failure,No Failure
No Failure,No Failure
No Failure,No Failure
No Failure,Overstrain Failure
No Failure,No Failure
No Failure,No Failure
No Failure,No Failure
No Failure,No Failure
No Failure,No Failure
Power Failure,Power Failure
No Failure,No Failure
No Failure,No Failure
No Failure,No Failure
No Failure,No Failure
No Failure,No Failure
Tool Wear Failure,Tool Wear Failure
No Failure,No Failure
Heat Dissipation Failure,Heat Dissipation Failure
No Failure,No Failure
No Failure,No Failure
No Failure,No Failure
No Failure,No Failure
No Failure,No Failure
No Failure,No Failure
No Failure,Tool Wear Failure
No Failure,No Failure
No Failure,No Failure
No Failure,No Failure
No Failure,No Failure
No Failure,No Failure
No Failure,No Failure
No Failure,No Failure
No Failure,No Failure
No Failure,No Failure
No Failure,No Failure
No Failure,No Failure
No Failure,No Failure
No Failure,No Failure
No Failure,No Failure
Heat Dissipation Failure,Heat Dissipation Failure
No Failure,No Failure
No Failure,No Failure
No Failure,No Failure
No Failure,No Failure
No Failure,No Failure
No Failure,No Failure
No Failure,No Failure
No Failure,No Failure
No Failure,No Failure
No Failure,No Failure
No Failure,No Failure
No Failure,No Failure
No Failure,No Failure
No Failure,No Failure
No Failure,No Failure
No Failure,No Failure
No Failure,No Failure
No Failure,No Failure
No Failure,No Failure
No Failure,No Failure
No Failure,No Failure
No Failure,Heat Dissipation Failure
No Failure,No Failure
No Failure,No Failure
No Failure,No Failure
No Failure,No Failure
No Failure,No Failure
No Failure,No Failure
No Failure,No Failure
No Failure,No Failure
No Failure,No Failure
No Failure,No Failure
No Failure,No Failure
No Failure,No Failure
No Failure,No Failure
No Failure,No Failure
No Failure,No Failure
No Failure,No Failure
No Failure,No Failure
No Failure,No Failure
No Failure,No Failure
No Failure,No Failure
No Failure,No Failure
No Failure,No Failure
No Failure,No Failure
No Failure,No Failure
No Failure,No Failure
No Failure,No Failure
No Failure,No Failure
No Failure,No Failure
No Failure,No Failure
No Failure,No Failure
No Failure,No Failure
No Failure,No Failure
No Failure,No Failure
No Failure,No Failure
Overstrain Failure,No Failure
No Failure,No Failure
Heat Dissipation Failure,Heat Dissipation Failure
No Failure,No Failure
No Failure,No Failure
No Failure,No Failure
No Failure,No Failure
No Failure,No Failure
Overstrain Failure,No Failure
No Failure,No Failure
No Failure,No Failure
No Failure,No Failure
No Failure,No Failure
No Failure,No Failure
No Failure,No Failure
No Failure,No Failure
No Failure,No Failure
No Failure,No Failure
No Failure,No Failure
No Failure,No Failure
No Failure,No Failure
No Failure,No Failure
No Failure,No Failure
No Failure,No Failure
No Failure,No Failure
No Failure,No Failure
No Failure,No Failure
No Failure,No Failure
No Failure,No Failure
No Failure,No Failure
No Failure,No Failure
No Failure,No Failure
No Failure,No Failure
No Failure,No Failure
No Failure,No Failure
No Failure,No Failure
No Failure,No Failure
No Failure,No Failure
No Failure,No Failure
No Failure,No Failure
No Failure,No Failure
No Failure,No Failure
No Failure,No Failure
No Failure,No Failure
No Failure,No Failure
No Failure,No Failure
No Failure,No Failure
No Failure,No Failure
No Failure,No Failure
No Failure,No Failure
No Failure,No Failure
No Failure,No Failure
No Failure,No Failure
No Failure,No Failure
No Failure,No Failure
No Failure,No Failure
No Failure,No Failure
No Failure,No Failure
No Failure,No Failure
No Failure,No Failure
No Failure,No Failure
No Failure,No Failure
No Failure,No Failure
No Failure,No Failure
No Failure,No Failure
No Failure,No Failure
No Failure,No Failure
No Failure,Tool Wear Failure
No Failure,No Failure
No Failure,No Failure
No Failure,No Failure
No Failure,No Failure
No Failure,No Failure
No Failure,No Failure
No Failure,No Failure
No Failure,Tool Wear Failure
No Failure,No Failure
No Failure,No Failure
No Failure,No Failure
No Failure,No Failure
No Failure,No Failure
No Failure,No Failure
No Failure,No Failure
No Failure,No Failure
No Failure,No Failure
No Failure,No Failure
No Failure,No Failure
Overstrain Failure,Overstrain Failure
No Failure,No Failure
No Failure,No Failure
No Failure,No Failure
No Failure,No Failure
No Failure,No Failure
No Failure,No Failure
No Failure,No Failure
No Failure,No Failure
No Failure,No Failure
No Failure,No Failure
No Failure,No Failure
No Failure,Heat Dissipation Failure
No Failure,No Failure
No Failure,No Failure
No Failure,No Failure
No Failure,No Failure
No Failure,No Failure
No Failure,No Failure
No Failure,No Failure
No Failure,No Failure
No Failure,No Failure
No Failure,No Failure
No Failure,No Failure
No Failure,No Failure
No Failure,No Failure
No Failure,No Failure
No Failure,No Failure
No Failure,No Failure
No Failure,No Failure
No Failure,No Failure
No Failure,No Failure
No Failure,No Failure
No Failure,No Failure
No Failure,No Failure
No Failure,No Failure
No Failure,No Failure
No Failure,No Failure
No Failure,No Failure
No Failure,No Failure
No Failure,No Failure
No Failure,No Failure
No Failure,No Failure
No Failure,No Failure
No Failure,No Failure
No Failure,No Failure
No Failure,No Failure
No Failure,No Failure
No Failure,No Failure
No Failure,No Failure
No Failure,No Failure
No Failure,No Failure
No Failure,No Failure
No Failure,No Failure
No Failure,No Failure
No Failure,No Failure
No Failure,No Failure
No Failure,No Failure
No Failure,No Failure
No Failure,No Failure
No Failure,No Failure
No Failure,No Failure
No Failure,No Failure
Power Failure,Power Failure
No Failure,No Failure
No Failure,No Failure
No Failure,No Failure
No Failure,No Failure
No Failure,No Failure
No Failure,No Failure
No Failure,No Failure
No Failure,No Failure
No Failure,No Failure
No Failure,No Failure
Power Failure,Power Failure
No Failure,No Failure
No Failure,No Failure
No Failure,No Failure
No Failure,Tool Wear Failure
No Failure,No Failure
No Failure,No Failure
No Failure,No Failure
No Failure,No Failure
No Failure,No Failure
No Failure,No Failure
No Failure,No Failure
No Failure,No Failure
No Failure,No Failure
No Failure,No Failure
No Failure,No Failure
No Failure,No Failure
No Failure,No Failure
No Failure,No Failure
No Failure,No Failure
No Failure,No Failure
No Failure,No Failure
No Failure,No Failure
No Failure,No Failure
No Failure,No Failure
No Failure,No Failure
No Failure,No Failure
No Failure,No Failure
No Failure,No Failure
No Failure,No Failure
No Failure,No Failure
No Failure,No Failure
No Failure,No Failure
No Failure,No Failure
No Failure,No Failure
No Failure,No Failure
No Failure,No Failure
No Failure,No Failure
No Failure,No Failure
No Failure,No Failure
No Failure,No Failure
No Failure,Heat Dissipation Failure
No Failure,No Failure
No Failure,No Failure
No Failure,No Failure
No Failure,No Failure
No Failure,No Failure
No Failure,No Failure
No Failure,No Failure
No Failure,No Failure
No Failure,No Failure
No Failure,No Failure
No Failure,No Failure
No Failure,No Failure
No Failure,No Failure
No Failure,No Failure
No Failure,No Failure
No Failure,No Failure
No Failure,No Failure
No Failure,No Failure
No Failure,No Failure
No Failure,No Failure
No Failure,No Failure
No Failure,No Failure
No Failure,No Failure
No Failure,No Failure
No Failure,No Failure
No Failure,No Failure
No Failure,No Failure
No Failure,No Failure
No Failure,No Failure
No Failure,No Failure
No Failure,No Failure
No Failure,No Failure
No Failure,No Failure
No Failure,No Failure
No Failure,No Failure
No Failure,No Failure
No Failure,No Failure
No Failure,No Failure
No Failure,No Failure
No Failure,No Failure
Overstrain Failure,Overstrain Failure
No Failure,No Failure
No Failure,No Failure
No Failure,No Failure
No Failure,No Failure
No Failure,No Failure
No Failure,No Failure
No Failure,No Failure
No Failure,No Failure
No Failure,No Failure
No Failure,No Failure
Heat Dissipation Failure,Heat Dissipation Failure
No Failure,No Failure
No Failure,No Failure
No Failure,No Failure
No Failure,No Failure
No Failure,No Failure
No Failure,No Failure
No Failure,No Failure
No Failure,No Failure
No Failure,No Failure
No Failure,No Failure
No Failure,No Failure
No Failure,No Failure
No Failure,No Failure
No Failure,No Failure
No Failure,No Failure
No Failure,No Failure
No Failure,No Failure
No Failure,No Failure
No Failure,No Failure
No Failure,No Failure
No Failure,No Failure
No Failure,No Failure
No Failure,Tool Wear Failure
No Failure,No Failure
No Failure,No Failure
No Failure,No Failure
No Failure,No Failure
No Failure,No Failure
No Failure,Tool Wear Failure
Random Failures,No Failure
No Failure,No Failure
No Failure,No Failure
No Failure,No Failure
No Failure,No Failure
No Failure,No Failure
No Failure,No Failure
No Failure,No Failure
No Failure,No Failure
No Failure,No Failure
No Failure,No Failure
No Failure,No Failure
No Failure,No Failure
No Failure,No Failure
No Failure,No Failure
No Failure,No Failure
No Failure,No Failure
No Failure,No Failure
No Failure,No Failure
No Failure,No Failure
No Failure,No Failure
No Failure,No Failure
No Failure,No Failure
No Failure,No Failure
No Failure,No Failure
No Failure,No Failure
No Failure,No Failure
No Failure,No Failure
No Failure,No Failure
No Failure,No Failure
No Failure,No Failure
No Failure,No Failure
No Failure,No Failure
No Failure,No Failure
No Failure,No Failure
No Failure,Heat Dissipation Failure
No Failure,No Failure
No Failure,No Failure
Tool Wear Failure,Overstrain Failure
No Failure,No Failure
No Failure,No Failure
No Failure,Tool Wear Failure
No Failure,No Failure
No Failure,No Failure
No Failure,No Failure
No Failure,No Failure
No Failure,No Failure
No Failure,No Failure
No Failure,No Failure
No Failure,No Failure
No Failure,No Failure
No Failure,No Failure
No Failure,No Failure
No Failure,No Failure
No Failure,No Failure
No Failure,No Failure
Power Failure,Power Failure
No Failure,No Failure
No Failure,No Failure
No Failure,No Failure
No Failure,No Failure
No Failure,No Failure
No Failure,No Failure
No Failure,No Failure
No Failure,No Failure
No Failure,No Failure
No Failure,No Failure
No Failure,No Failure
No Failure,No Failure
No Failure,No Failure
No Failure,No Failure
No Failure,No Failure
No Failure,No Failure
No Failure,No Failure
No Failure,No Failure
No Failure,No Failure
No Failure,No Failure
No Failure,No Failure
No Failure,No Failure
No Failure,Tool Wear Failure
No Failure,No Failure
No Failure,No Failure
No Failure,No Failure
No Failure,No Failure
No Failure,No Failure
No Failure,No Failure
No Failure,No Failure
No Failure,No Failure
No Failure,No Failure
No Failure,No Failure
No Failure,Tool Wear Failure
No Failure,No Failure
No Failure,No Failure
No Failure,No Failure
No Failure,No Failure
No Failure,No Failure
No Failure,No Failure
No Failure,No Failure
No Failure,No Failure
No Failure,No Failure
No Failure,No Failure
No Failure,No Failure
No Failure,No Failure
No Failure,Tool Wear Failure
No Failure,No Failure
No Failure,No Failure
No Failure,Heat Dissipation Failure
No Failure,No Failure
No Failure,No Failure
No Failure,No Failure
No Failure,No Failure
No Failure,No Failure
No Failure,No Failure
No Failure,No Failure
No Failure,No Failure
No Failure,No Failure
No Failure,No Failure
No Failure,No Failure
No Failure,No Failure
No Failure,No Failure
No Failure,No Failure
No Failure,No Failure
Power Failure,Power Failure
No Failure,No Failure
No Failure,No Failure
No Failure,No Failure
No Failure,No Failure
No Failure,Tool Wear Failure
No Failure,No Failure
No Failure,No Failure
No Failure,No Failure
No Failure,No Failure
No Failure,No Failure
No Failure,No Failure
No Failure,No Failure
No Failure,No Failure
No Failure,No Failure
No Failure,No Failure
No Failure,Power Failure
No Failure,No Failure
No Failure,No Failure
No Failure,No Failure
No Failure,No Failure
No Failure,No Failure
No Failure,No Failure
No Failure,No Failure
No Failure,No Failure
No Failure,No Failure
No Failure,No Failure
No Failure,No Failure
No Failure,No Failure
No Failure,No Failure
No Failure,No Failure
No Failure,Heat Dissipation Failure
No Failure,No Failure
No Failure,No Failure
No Failure,No Failure
No Failure,Overstrain Failure
No Failure,No Failure
Random Failures,No Failure
No Failure,No Failure
No Failure,No Failure
No Failure,No Failure
No Failure,No Failure
No Failure,No Failure
No Failure,No Failure
No Failure,No Failure
No Failure,No Failure
No Failure,No Failure
No Failure,No Failure
No Failure,No Failure
No Failure,No Failure
No Failure,No Failure
No Failure,No Failure
No Failure,No Failure
No Failure,No Failure
No Failure,No Failure
No Failure,Tool Wear Failure
No Failure,No Failure
No Failure,No Failure
No Failure,No Failure
No Failure,No Failure
No Failure,No Failure
No Failure,No Failure
No Failure,No Failure
No Failure,No Failure
No Failure,No Failure
No Failure,No Failure
No Failure,No Failure
No Failure,No Failure
No Failure,No Failure
No Failure,No Failure
No Failure,Power Failure
No Failure,No Failure
No Failure,No Failure
No Failure,No Failure
No Failure,No Failure
No Failure,No Failure
No Failure,No Failure
No Failure,No Failure
No Failure,No Failure
No Failure,No Failure
No Failure,No Failure
No Failure,No Failure
No Failure,No Failure
No Failure,No Failure
No Failure,No Failure
No Failure,No Failure
No Failure,No Failure
No Failure,No Failure
No Failure,No Failure
No Failure,No Failure
No Failure,No Failure
No Failure,No Failure
No Failure,No Failure
No Failure,No Failure
No Failure,No Failure
No Failure,No Failure
No Failure,No Failure
No Failure,No Failure
No Failure,No Failure
No Failure,No Failure
No Failure,No Failure
No Failure,No Failure
No Failure,No Failure
No Failure,No Failure
No Failure,No Failure
No Failure,No Failure
No Failure,No Failure
No Failure,No Failure
No Failure,No Failure
No Failure,No Failure
No Failure,No Failure
Power Failure,Power Failure
No Failure,No Failure
No Failure,No Failure
No Failure,No Failure
No Failure,No Failure
No Failure,No Failure
No Failure,No Failure
No Failure,No Failure
No Failure,No Failure
No Failure,No Failure
No Failure,No Failure
No Failure,No Failure
No Failure,No Failure
No Failure,No Failure
No Failure,No Failure
No Failure,No Failure
No Failure,No Failure
No Failure,No Failure
No Failure,No Failure
No Failure,No Failure
No Failure,No Failure
No Failure,No Failure
No Failure,No Failure
No Failure,No Failure
No Failure,No Failure
No Failure,No Failure
No Failure,No Failure
No Failure,Heat Dissipation Failure
No Failure,No Failure
No Failure,No Failure
No Failure,No Failure
Heat Dissipation Failure,Heat Dissipation Failure
No Failure,No Failure
No Failure,No Failure
No Failure,No Failure
No Failure,No Failure
No Failure,No Failure
No Failure,No Failure
No Failure,No Failure
No Failure,No Failure
No Failure,No Failure
No Failure,No Failure
No Failure,No Failure
No Failure,No Failure
No Failure,No Failure
No Failure,No Failure
No Failure,No Failure
No Failure,Tool Wear Failure
No Failure,No Failure
No Failure,No Failure
Heat Dissipation Failure,Heat Dissipation Failure
No Failure,No Failure
No Failure,No Failure
No Failure,No Failure
No Failure,No Failure
No Failure,No Failure
No Failure,No Failure
No Failure,No Failure
No Failure,No Failure
No Failure,No Failure
No Failure,No Failure
No Failure,No Failure
No Failure,No Failure
No Failure,No Failure
No Failure,No Failure
No Failure,No Failure
No Failure,No Failure
No Failure,No Failure
No Failure,No Failure
No Failure,Tool Wear Failure
No Failure,No Failure
No Failure,No Failure
No Failure,No Failure
Heat Dissipation Failure,Heat Dissipation Failure
No Failure,No Failure
No Failure,No Failure
No Failure,No Failure
No Failure,No Failure
No Failure,No Failure
No Failure,No Failure
No Failure,No Failure
No Failure,No Failure
No Failure,No Failure
No Failure,No Failure
No Failure,Tool Wear Failure
No Failure,No Failure
No Failure,No Failure
No Failure,Heat Dissipation Failure
No Failure,No Failure
No Failure,No Failure
No Failure,No Failure
No Failure,No Failure
No Failure,No Failure
No Failure,No Failure
No Failure,No Failure
No Failure,No Failure
No Failure,No Failure
No Failure,Tool Wear Failure
No Failure,No Failure
No Failure,No Failure
No Failure,Heat Dissipation Failure
No Failure,No Failure
No Failure,No Failure
No Failure,No Failure
No Failure,No Failure
No Failure,No Failure
No Failure,No Failure
No Failure,No Failure
No Failure,No Failure
No Failure,No Failure
No Failure,No Failure
No Failure,No Failure
No Failure,Heat Dissipation Failure
No Failure,No Failure
No Failure,No Failure
No Failure,No Failure
No Failure,No Failure
No Failure,No Failure
No Failure,No Failure
No Failure,Overstrain Failure
Overstrain Failure,Overstrain Failure
No Failure,No Failure
No Failure,No Failure
No Failure,No Failure
No Failure,No Failure
No Failure,No Failure
No Failure,No Failure
No Failure,No Failure
No Failure,Overstrain Failure
No Failure,No Failure
No Failure,No Failure
Random Failures,No Failure
No Failure,No Failure
No Failure,Tool Wear Failure
No Failure,No Failure
No Failure,No Failure
No Failure,No Failure
No Failure,No Failure
No Failure,No Failure
No Failure,No Failure
No Failure,No Failure
No Failure,No Failure
No Failure,No Failure
No Failure,No Failure
No Failure,No Failure
No Failure,No Failure
No Failure,No Failure
No Failure,No Failure
No Failure,No Failure
No Failure,No Failure
No Failure,No Failure
No Failure,No Failure
No Failure,No Failure
No Failure,No Failure
No Failure,No Failure
No Failure,No Failure
No Failure,No Failure
No Failure,No Failure
No Failure,No Failure
No Failure,No Failure
No Failure,No Failure
No Failure,No Failure
No Failure,No Failure
No Failure,No Failure
No Failure,No Failure
Power Failure,Power Failure
No Failure,No Failure
No Failure,No Failure
No Failure,No Failure
No Failure,No Failure
No Failure,No Failure
No Failure,No Failure
No Failure,No Failure
No Failure,No Failure
No Failure,No Failure
No Failure,No Failure
No Failure,No Failure
No Failure,No Failure
No Failure,No Failure
No Failure,No Failure
No Failure,No Failure
No Failure,No Failure
No Failure,No Failure
No Failure,No Failure
No Failure,No Failure
No Failure,No Failure
No Failure,No Failure
No Failure,No Failure
No Failure,No Failure
No Failure,No Failure
No Failure,No Failure
No Failure,No Failure
No Failure,No Failure
No Failure,No Failure
No Failure,No Failure
No Failure,No Failure
No Failure,No Failure
No Failure,No Failure
No Failure,Tool Wear Failure
No Failure,No Failure
No Failure,No Failure
No Failure,No Failure
No Failure,No Failure
No Failure,No Failure
No Failure,No Failure
No Failure,No Failure
No Failure,No Failure
No Failure,No Failure
No Failure,No Failure
No Failure,No Failure
No Failure,No Failure
No Failure,No Failure
No Failure,No Failure
No Failure,No Failure
No Failure,No Failure
No Failure,No Failure
No Failure,No Failure
No Failure,No Failure
No Failure,No Failure
No Failure,No Failure
No Failure,No Failure
No Failure,Tool Wear Failure
No Failure,No Failure
No Failure,No Failure
No Failure,No Failure
No Failure,No Failure
No Failure,No Failure
No Failure,No Failure
No Failure,No Failure
Random Failures,No Failure
No Failure,No Failure
Power Failure,Power Failure
No Failure,No Failure
No Failure,No Failure
No Failure,No Failure
No Failure,No Failure
No Failure,No Failure
No Failure,No Failure
No Failure,No Failure
No Failure,No Failure
No Failure,No Failure
No Failure,No Failure
No Failure,No Failure
No Failure,No Failure
No Failure,No Failure
No Failure,No Failure
No Failure,No Failure
No Failure,No Failure
No Failure,No Failure
No Failure,No Failure
No Failure,No Failure
No Failure,No Failure
No Failure,No Failure
No Failure,No Failure
No Failure,No Failure
No Failure,No Failure
No Failure,No Failure
No Failure,No Failure
No Failure,No Failure
No Failure,No Failure
No Failure,No Failure
Tool Wear Failure,No Failure
No Failure,No Failure
No Failure,No Failure
No Failure,No Failure
No Failure,No Failure
No Failure,No Failure
No Failure,No Failure
No Failure,No Failure
No Failure,No Failure
No Failure,No Failure
No Failure,No Failure
No Failure,No Failure
No Failure,No Failure
No Failure,No Failure
No Failure,No Failure
No Failure,No Failure
No Failure,No Failure
No Failure,No Failure
No Failure,No Failure
No Failure,No Failure
No Failure,No Failure
No Failure,No Failure
No Failure,No Failure
No Failure,No Failure
No Failure,No Failure
No Failure,No Failure
No Failure,No Failure
No Failure,No Failure
No Failure,No Failure
No Failure,No Failure
No Failure,No Failure
No Failure,No Failure
No Failure,No Failure
No Failure,No Failure
No Failure,No Failure
No Failure,No Failure
No Failure,No Failure
No Failure,No Failure
No Failure,No Failure
No Failure,No Failure
No Failure,No Failure
No Failure,No Failure
No Failure,No Failure
No Failure,No Failure
No Failure,No Failure
No Failure,No Failure
No Failure,No Failure
No Failure,No Failure
No Failure,No Failure
Heat Dissipation Failure,Heat Dissipation Failure
No Failure,No Failure
No Failure,No Failure
No Failure,No Failure
No Failure,No Failure
Heat Dissipation Failure,Heat Dissipation Failure
No Failure,No Failure
No Failure,Heat Dissipation Failure
No Failure,No Failure
No Failure,No Failure
No Failure,No Failure
No Failure,No Failure
No Failure,No Failure
Heat Dissipation Failure,Heat Dissipation Failure
No Failure,No Failure
No Failure,No Failure
No Failure,No Failure
No Failure,No Failure
No Failure,No Failure
No Failure,No Failure
No Failure,No Failure
No Failure,No Failure
No Failure,Overstrain Failure
No Failure,No Failure
No Failure,No Failure
No Failure,No Failure
No Failure,No Failure
No Failure,No Failure
No Failure,No Failure
No Failure,No Failure
No Failure,No Failure
No Failure,No Failure
No Failure,No Failure
No Failure,No Failure
No Failure,No Failure
No Failure,No Failure
Tool Wear Failure,No Failure
No Failure,No Failure
No Failure,No Failure
No Failure,No Failure
No Failure,No Failure
No Failure,No Failure
No Failure,No Failure
No Failure,No Failure
No Failure,No Failure
No Failure,No Failure
No Failure,No Failure
Power Failure,No Failure
No Failure,No Failure
No Failure,No Failure
No Failure,No Failure
Heat Dissipation Failure,Heat Dissipation Failure
No Failure,No Failure
No Failure,No Failure
No Failure,No Failure
No Failure,No Failure
No Failure,No Failure
No Failure,No Failure
No Failure,No Failure
No Failure,No Failure
No Failure,No Failure
No Failure,No Failure
No Failure,No Failure
No Failure,No Failure
No Failure,No Failure
No Failure,No Failure
No Failure,No Failure
No Failure,No Failure
No Failure,No Failure
No Failure,No Failure
No Failure,No Failure
No Failure,No Failure
No Failure,No Failure
No Failure,No Failure
No Failure,No Failure
No Failure,No Failure
No Failure,No Failure
No Failure,No Failure
No Failure,No Failure
No Failure,No Failure
No Failure,No Failure
No Failure,No Failure
No Failure,No Failure
No Failure,No Failure
No Failure,No Failure
No Failure,No Failure
No Failure,No Failure
No Failure,No Failure
No Failure,No Failure
Power Failure,Power Failure
No Failure,No Failure
No Failure,No Failure
No Failure,No Failure
No Failure,No Failure
No Failure,No Failure
No Failure,No Failure
No Failure,No Failure
No Failure,No Failure
No Failure,No Failure
No Failure,No Failure
No Failure,No Failure
No Failure,No Failure
No Failure,No Failure
No Failure,No Failure
No Failure,No Failure
No Failure,No Failure
No Failure,No Failure
No Failure,No Failure
No Failure,No Failure
No Failure,Tool Wear Failure
No Failure,No Failure
No Failure,No Failure
No Failure,No Failure
No Failure,No Failure
No Failure,No Failure
No Failure,No Failure
No Failure,No Failure
No Failure,No Failure
No Failure,No Failure
No Failure,No Failure
No Failure,No Failure
No Failure,No Failure
No Failure,No Failure
No Failure,No Failure
No Failure,No Failure
Overstrain Failure,Overstrain Failure
No Failure,No Failure
No Failure,No Failure
No Failure,No Failure
No Failure,No Failure
No Failure,No Failure
No Failure,No Failure
No Failure,No Failure
No Failure,No Failure
No Failure,No Failure
No Failure,No Failure
No Failure,No Failure
No Failure,No Failure
No Failure,No Failure
No Failure,No Failure
No Failure,No Failure
No Failure,No Failure
No Failure,No Failure
No Failure,No Failure
No Failure,No Failure
No Failure,No Failure
No Failure,No Failure
No Failure,No Failure
No Failure,No Failure
No Failure,No Failure
No Failure,No Failure
No Failure,No Failure
No Failure,No Failure
No Failure,No Failure
No Failure,No Failure
No Failure,No Failure
No Failure,No Failure
No Failure,No Failure
No Failure,No Failure
No Failure,Tool Wear Failure
No Failure,No Failure
No Failure,Tool Wear Failure
No Failure,No Failure
No Failure,No Failure
No Failure,No Failure
No Failure,No Failure
No Failure,No Failure
No Failure,No Failure
No Failure,No Failure
No Failure,No Failure
No Failure,No Failure
No Failure,No Failure
No Failure,No Failure
Power Failure,Power Failure
No Failure,No Failure
No Failure,No Failure
No Failure,No Failure
No Failure,No Failure
No Failure,Overstrain Failure
No Failure,No Failure
No Failure,No Failure
No Failure,No Failure
No Failure,No Failure
No Failure,No Failure
No Failure,No Failure
No Failure,No Failure
No Failure,No Failure
No Failure,No Failure
No Failure,No Failure
No Failure,No Failure
No Failure,No Failure
No Failure,No Failure
No Failure,No Failure
No Failure,No Failure
No Failure,No Failure
No Failure,No Failure
No Failure,No Failure
No Failure,No Failure
No Failure,No Failure
No Failure,No Failure
No Failure,No Failure
No Failure,No Failure
No Failure,No Failure
No Failure,No Failure
No Failure,No Failure
No Failure,No Failure
No Failure,No Failure
No Failure,No Failure
No Failure,No Failure
No Failure,No Failure
No Failure,No Failure
No Failure,No Failure
Tool Wear Failure,No Failure
No Failure,No Failure
No Failure,No Failure
No Failure,No Failure
No Failure,No Failure
Overstrain Failure,No Failure
No Failure,Overstrain Failure
No Failure,No Failure
No Failure,No Failure
No Failure,No Failure
No Failure,No Failure
No Failure,No Failure
No Failure,No Failure
No Failure,No Failure
No Failure,No Failure
No Failure,No Failure
No Failure,No Failure
No Failure,No Failure
No Failure,No Failure
No Failure,No Failure
No Failure,No Failure
No Failure,No Failure
No Failure,No Failure
No Failure,No Failure
No Failure,No Failure
No Failure,No Failure
No Failure,Tool Wear Failure
No Failure,No Failure
No Failure,No Failure
No Failure,No Failure
No Failure,No Failure
No Failure,No Failure
No Failure,Power Failure
No Failure,No Failure
No Failure,No Failure
No Failure,No Failure
No Failure,No Failure
No Failure,No Failure
No Failure,No Failure
No Failure,No Failure
No Failure,No Failure
No Failure,No Failure
No Failure,No Failure
No Failure,No Failure
No Failure,No Failure
No Failure,No Failure
No Failure,No Failure
No Failure,No Failure
No Failure,No Failure
No Failure,No Failure
No Failure,No Failure
No Failure,No Failure
No Failure,No Failure
No Failure,No Failure
No Failure,No Failure
No Failure,No Failure
No Failure,No Failure
Heat Dissipation Failure,No Failure
No Failure,No Failure
No Failure,No Failure
No Failure,No Failure
No Failure,No Failure
No Failure,No Failure
No Failure,No Failure
No Failure,No Failure
No Failure,No Failure
No Failure,No Failure
No Failure,No Failure
No Failure,No Failure
No Failure,No Failure
No Failure,No Failure
No Failure,No Failure
No Failure,No Failure
No Failure,No Failure
No Failure,No Failure
No Failure,No Failure
No Failure,No Failure
No Failure,No Failure
No Failure,No Failure
No Failure,No Failure
No Failure,No Failure
No Failure,Tool Wear Failure
No Failure,Heat Dissipation Failure
No Failure,No Failure
Overstrain Failure,Overstrain Failure
No Failure,No Failure
No Failure,Heat Dissipation Failure
No Failure,No Failure
No Failure,No Failure
No Failure,No Failure
No Failure,No Failure
No Failure,No Failure
No Failure,No Failure
No Failure,No Failure
No Failure,No Failure
No Failure,No Failure
No Failure,No Failure
No Failure,No Failure
No Failure,No Failure
No Failure,No Failure
No Failure,No Failure
No Failure,No Failure
No Failure,No Failure
No Failure,No Failure
No Failure,No Failure
No Failure,No Failure
No Failure,No Failure
No Failure,No Failure
No Failure,No Failure
No Failure,No Failure
No Failure,No Failure
No Failure,No Failure
No Failure,No Failure
No Failure,No Failure
No Failure,No Failure
No Failure,No Failure
No Failure,No Failure
No Failure,No Failure
No Failure,No Failure
No Failure,No Failure
No Failure,No Failure
No Failure,No Failure
No Failure,No Failure
No Failure,No Failure
Overstrain Failure,Overstrain Failure
No Failure,No Failure
No Failure,No Failure
No Failure,No Failure
No Failure,No Failure
No Failure,No Failure
No Failure,No Failure
No Failure,Heat Dissipation Failure
No Failure,No Failure
No Failure,No Failure
No Failure,No Failure
No Failure,No Failure
No Failure,No Failure
No Failure,No Failure
No Failure,No Failure
No Failure,No Failure
No Failure,No Failure
No Failure,No Failure
No Failure,No Failure
No Failure,No Failure
No Failure,No Failure
No Failure,No Failure
No Failure,No Failure
No Failure,No Failure
No Failure,No Failure
No Failure,No Failure
No Failure,No Failure
No Failure,Tool Wear Failure
No Failure,No Failure
No Failure,No Failure
Tool Wear Failure,No Failure
No Failure,No Failure
No Failure,No Failure
No Failure,No Failure
No Failure,No Failure
No Failure,No Failure
No Failure,No Failure
No Failure,No Failure
No Failure,No Failure
No Failure,No Failure
No Failure,No Failure
No Failure,No Failure
No Failure,No Failure
No Failure,No Failure
No Failure,No Failure
No Failure,No Failure
No Failure,No Failure
No Failure,No Failure
No Failure,No Failure
No Failure,No Failure
No Failure,No Failure
No Failure,No Failure
No Failure,No Failure
No Failure,No Failure
No Failure,No Failure
No Failure,No Failure
No Failure,No Failure
No Failure,No Failure
No Failure,No Failure
No Failure,No Failure
No Failure,No Failure
No Failure,No Failure
No Failure,No Failure
No Failure,No Failure
No Failure,No Failure
No Failure,No Failure
Overstrain Failure,Overstrain Failure
No Failure,No Failure
No Failure,No Failure
No Failure,No Failure
No Failure,No Failure
No Failure,No Failure
No Failure,No Failure
No Failure,No Failure
No Failure,No Failure
No Failure,No Failure
No Failure,No Failure
No Failure,No Failure
No Failure,No Failure
No Failure,No Failure
No Failure,No Failure
No Failure,No Failure
No Failure,No Failure
No Failure,No Failure
No Failure,No Failure
No Failure,No Failure
No Failure,No Failure
No Failure,No Failure
No Failure,No Failure
No Failure,No Failure
No Failure,No Failure
No Failure,No Failure
No Failure,No Failure
No Failure,No Failure
No Failure,No Failure
No Failure,No Failure
No Failure,No Failure
No Failure,Tool Wear Failure
No Failure,No Failure
No Failure,No Failure
No Failure,No Failure
No Failure,No Failure
No Failure,No Failure
No Failure,No Failure
No Failure,No Failure
No Failure,No Failure
No Failure,No Failure
No Failure,No Failure
No Failure,No Failure
No Failure,No Failure
No Failure,No Failure
No Failure,No Failure
No Failure,No Failure
No Failure,No Failure
No Failure,No Failure
No Failure,No Failure
No Failure,No Failure
No Failure,No Failure
Heat Dissipation Failure,Heat Dissipation Failure
No Failure,No Failure
No Failure,No Failure
No Failure,No Failure
No Failure,No Failure
No Failure,No Failure
No Failure,No Failure
No Failure,No Failure
No Failure,No Failure
No Failure,No Failure
No Failure,No Failure
No Failure,Heat Dissipation Failure
No Failure,No Failure
No Failure,No Failure
No Failure,No Failure
No Failure,No Failure
No Failure,No Failure
No Failure,No Failure
No Failure,No Failure
No Failure,No Failure
No Failure,No Failure
No Failure,No Failure
No Failure,No Failure
No Failure,No Failure
No Failure,No Failure
No Failure,No Failure
No Failure,No Failure
No Failure,No Failure
No Failure,No Failure
No Failure,No Failure
No Failure,No Failure
No Failure,No Failure
No Failure,No Failure
No Failure,No Failure
Overstrain Failure,Overstrain Failure
No Failure,No Failure
No Failure,No Failure
No Failure,No Failure
No Failure,No Failure
No Failure,No Failure
No Failure,No Failure
No Failure,No Failure
No Failure,No Failure
No Failure,No Failure
No Failure,No Failure
No Failure,No Failure
No Failure,No Failure
No Failure,No Failure
No Failure,No Failure
No Failure,No Failure
No Failure,No Failure
No Failure,No Failure
No Failure,No Failure
No Failure,No Failure
No Failure,No Failure
No Failure,No Failure
No Failure,No Failure
No Failure,No Failure
No Failure,No Failure
No Failure,No Failure
No Failure,No Failure
No Failure,Tool Wear Failure
No Failure,No Failure
No Failure,No Failure
No Failure,No Failure
No Failure,No Failure
No Failure,No Failure
No Failure,No Failure
No Failure,No Failure
No Failure,No Failure
Tool Wear Failure,No Failure
No Failure,No Failure
No Failure,No Failure
No Failure,No Failure
No Failure,No Failure
No Failure,No Failure
No Failure,No Failure
No Failure,No Failure
Power Failure,Power Failure
No Failure,No Failure
No Failure,No Failure
No Failure,No Failure
No Failure,No Failure
No Failure,No Failure
No Failure,No Failure
No Failure,No Failure
No Failure,No Failure
No Failure,No Failure
No Failure,No Failure
No Failure,No Failure
No Failure,No Failure
Tool Wear Failure,No Failure
No Failure,No Failure
No Failure,No Failure
No Failure,No Failure
No Failure,No Failure
No Failure,No Failure
No Failure,No Failure
No Failure,No Failure
No Failure,No Failure
No Failure,Heat Dissipation Failure
No Failure,No Failure
No Failure,No Failure
No Failure,No Failure
Power Failure,No Failure
No Failure,No Failure
No Failure,No Failure
No Failure,No Failure
No Failure,No Failure
No Failure,No Failure
No Failure,No Failure
No Failure,Tool Wear Failure
No Failure,No Failure
